Wall time,Step,Value
1557502712.4213457,0,1059471097856.0
1557502715.760878,2,777461170176.0
1557502719.075442,4,422923599872.0
1557502722.3906045,6,164217962496.0
1557502725.7206955,8,113148452864.0
1557502729.053474,10,76081840128.0
1557502732.366628,12,56882053120.0
1557502735.7081776,14,16955328512.0
1557502739.013819,16,76759105536.0
1557502742.3429167,18,10688641024.0
1557502745.6650064,20,45711732736.0
1557502748.9897249,22,31350425600.0
1557502752.3004773,24,15025949696.0
1557502755.61374,26,24052543488.0
1557502758.9299202,28,13607972864.0
1557502762.2557411,30,10206655488.0
1557502765.5516267,32,20159717376.0
1557502768.873129,34,11404721152.0
1557502772.2089896,36,11764882432.0
1557502775.5317135,38,16185730048.0
1557502778.8524203,40,7231373312.0
1557502782.188915,42,8583870976.0
1557502785.504224,44,9071403008.0
1557502788.8483593,46,5744021504.0
1557502792.1697178,48,4513065984.0
1557502795.4744077,50,4812563456.0
1557502798.8097663,52,5582059520.0
1557502802.1651156,54,4659735552.0
1557502805.5591648,56,4248243456.0
1557502808.8929636,58,4403348992.0
1557502812.2383552,60,4043290624.0
1557502815.5731418,62,3104917504.0
1557502818.8984258,64,3114726400.0
1557502822.2020547,66,5164661760.0
1557502825.511352,68,6004340736.0
1557502828.8657334,70,4373911552.0
1557502832.1910357,72,3712382720.0
1557502835.498501,74,2950301184.0
1557502838.8378909,76,3684469248.0
1557502842.1668584,78,5469053952.0
1557502845.504038,80,4142815232.0
1557502848.8346336,82,2849182208.0
1557502852.161345,84,3463856128.0
1557502855.4941795,86,4931500032.0
1557502858.8026388,88,3374450176.0
1557502862.111522,90,3940235776.0
1557502865.4416199,92,2701121792.0
1557502868.7573748,94,3035296512.0
1557502872.061053,96,2654678272.0
1557502875.402452,98,3506419200.0
1557502878.7621305,100,2907269120.0
1557502882.0971997,102,2886324992.0
1557502885.4211023,104,3531513600.0
1557502888.7377236,106,2928092672.0
1557502892.0859241,108,2886605312.0
1557502895.431035,110,3013600256.0
1557502898.7410862,112,2890976768.0
1557502902.0666912,114,1727470976.0
1557502905.401864,116,3054315776.0
1557502908.7149868,118,1944337408.0
1557502912.044573,120,2785294080.0
1557502915.3492525,122,2725062144.0
1557502918.694123,124,2161890816.0
1557502920.9512517,125,2879663360.0
1557502924.295965,127,2717058560.0
1557502927.646712,129,1926969088.0
1557502930.959745,131,2534375936.0
1557502934.303223,133,2269430016.0
1557502937.6507852,135,2382595328.0
1557502940.992385,137,3195266560.0
1557502944.3274422,139,2907179264.0
1557502947.6488242,141,2349571840.0
1557502950.9562242,143,2072903552.0
1557502954.274582,145,2041465216.0
1557502957.589935,147,2126385792.0
1557502960.9241571,149,2243120384.0
1557502964.2440822,151,2298307584.0
1557502967.5741959,153,2191277056.0
1557502970.8753345,155,1813235968.0
1557502974.193697,157,1983867392.0
1557502977.5257332,159,1652504448.0
1557502980.8663325,161,2560397312.0
1557502984.2146962,163,2160326400.0
1557502987.5382557,165,2106612992.0
1557502990.8447104,167,1782520320.0
1557502994.164678,169,1625010304.0
1557502997.467581,171,2053648768.0
1557503000.7988148,173,1239093760.0
1557503004.1038582,175,2104553088.0
1557503007.4257462,177,1860853248.0
1557503010.7565553,179,1625816448.0
1557503014.078252,181,1733321856.0
1557503017.4166615,183,1585296000.0
1557503020.7337325,185,2088708864.0
1557503024.0395381,187,2322305792.0
1557503027.3852582,189,1953006592.0
1557503030.7273884,191,1918467968.0
1557503034.0344615,193,2000145280.0
1557503037.3610141,195,1970807936.0
1557503040.6676185,197,2384576000.0
1557503043.9811683,199,1670567424.0
1557503047.3298404,201,1446338176.0
1557503050.6598194,203,1856993664.0
1557503053.998175,205,1399639936.0
1557503057.3122547,207,1793466880.0
1557503060.6269054,209,2770592000.0
1557503063.963333,211,1890294272.0
1557503067.2669604,213,1332442752.0
1557503070.5753536,215,1488274944.0
1557503073.9054928,217,2362462720.0
1557503077.215512,219,3257213696.0
1557503080.5207524,221,2621801984.0
1557503083.8353894,223,1878624768.0
1557503087.1697974,225,1796252288.0
1557503090.4893196,227,1477691136.0
1557503093.807704,229,1918840448.0
1557503097.1508267,231,2441554176.0
1557503100.4863024,233,2668947200.0
1557503103.8310423,235,2236224000.0
1557503107.1346962,237,1877550848.0
1557503110.4702687,239,1617145344.0
1557503113.792529,241,1818837504.0
1557503117.1124551,243,1322788992.0
1557503120.4103155,245,1579086464.0
1557503123.7203157,247,1440853248.0
1557503127.0424004,249,1680457728.0
1557503129.233504,250,2560768256.0
1557503132.5445874,252,2181923072.0
1557503135.8294206,254,1257249920.0
1557503139.1273696,256,1494122368.0
1557503142.45168,258,1434112640.0
1557503145.7753747,260,1302872960.0
1557503149.0719192,262,1721750272.0
1557503152.3829503,264,1411150592.0
1557503155.6767426,266,1146745856.0
1557503158.9715052,268,1339098496.0
1557503162.2730093,270,1298836224.0
1557503165.6083257,272,1697467904.0
1557503168.9185,274,1659301248.0
1557503172.196813,276,1220869248.0
1557503175.485916,278,1209823616.0
1557503178.7749074,280,1458866304.0
1557503182.0990136,282,1719504896.0
1557503185.4085095,284,1352322176.0
1557503188.7215235,286,1543301376.0
1557503192.0268645,288,1056059648.0
1557503195.3283696,290,1313996672.0
1557503198.661619,292,1103042688.0
1557503201.9884334,294,1111067136.0
1557503205.3197746,296,1451452160.0
1557503208.6671815,298,961263872.0
1557503211.9789526,300,1804565248.0
1557503215.2755651,302,1059622144.0
1557503218.598619,304,1213030144.0
1557503221.9403315,306,1110969600.0
1557503225.2859643,308,1364301312.0
1557503228.6287339,310,1520134912.0
1557503231.996104,312,1596330624.0
1557503235.3220289,314,1473243904.0
1557503238.6482334,316,1230864896.0
1557503241.9965382,318,1001186432.0
1557503245.3467968,320,1007433664.0
1557503248.6755986,322,1463934592.0
1557503252.004608,324,1608243584.0
1557503255.3180528,326,1922896896.0
1557503258.6575837,328,2113949184.0
1557503262.0140326,330,1245766016.0
1557503265.34725,332,988490816.0
1557503268.6907842,334,782819136.0
1557503272.0248384,336,1309508224.0
1557503275.361496,338,807010240.0
1557503278.707905,340,1123182720.0
1557503282.0605967,342,1066221952.0
1557503285.386992,344,1004175552.0
1557503288.744729,346,1141718016.0
1557503292.1024897,348,878949312.0
1557503295.4456468,350,909134912.0
1557503298.760647,352,1087916160.0
1557503302.0934017,354,866197184.0
1557503305.4409916,356,1130969856.0
1557503308.7917004,358,1395966464.0
1557503312.1375022,360,1860612608.0
1557503315.4689906,362,1296552448.0
1557503318.8072667,364,1441711744.0
1557503322.1631765,366,1108966400.0
1557503325.4682357,368,770535680.0
1557503328.8105087,370,1199104896.0
1557503332.1538599,372,1170082816.0
1557503335.5065014,374,1061076736.0
1557503337.7208629,375,1853400576.0
1557503341.0562086,377,1575700736.0
1557503344.3987484,379,1217274880.0
1557503347.7260227,381,1087483264.0
1557503351.1016846,383,897080192.0
1557503354.4695551,385,808093312.0
1557503357.799254,387,1073251520.0
1557503361.1972415,389,950753472.0
1557503364.533751,391,923390592.0
1557503367.854754,393,1005241472.0
1557503371.1786265,395,854442560.0
1557503374.5209177,397,1155051008.0
1557503377.8448412,399,1445946368.0
1557503381.1894178,401,927109120.0
1557503384.5179,403,846099712.0
1557503387.8507783,405,840546368.0
1557503391.1777408,407,839500160.0
1557503394.506515,409,764419840.0
1557503397.8230963,411,881257920.0
1557503401.1474476,413,926986560.0
1557503404.463715,415,1071748544.0
1557503407.8023112,417,838766592.0
1557503411.1377115,419,695627264.0
1557503414.4638686,421,971632576.0
1557503417.779271,423,1152090112.0
1557503421.1196203,425,2673676032.0
1557503424.45242,427,2330453760.0
1557503427.776319,429,2056848896.0
1557503431.1037366,431,1886128896.0
1557503434.4536784,433,1482708480.0
1557503437.7934515,435,933648640.0
1557503441.1289291,437,1278776960.0
1557503444.4233265,439,1146603648.0
1557503447.742314,441,1095541248.0
1557503451.068516,443,811362560.0
1557503454.4052656,445,1004236544.0
1557503457.7383385,447,1177303936.0
1557503461.0714214,449,881293568.0
1557503464.4009395,451,670571008.0
1557503467.7816455,453,1008571904.0
1557503471.1268277,455,1055261568.0
1557503474.4549236,457,947598464.0
1557503477.790235,459,744151872.0
1557503481.1420257,461,1321659264.0
1557503484.463044,463,1192436224.0
1557503487.7877243,465,879053184.0
1557503491.0838754,467,1066292416.0
1557503494.4323747,469,1053268864.0
1557503497.754491,471,750426432.0
1557503501.093853,473,821922368.0
1557503504.4097779,475,600979712.0
1557503507.7352774,477,635494592.0
1557503511.0417895,479,711530496.0
1557503514.3827353,481,739153856.0
1557503517.710737,483,817308480.0
1557503521.054001,485,660873728.0
1557503524.3775609,487,637211456.0
1557503527.7032773,489,797437568.0
1557503531.0738192,491,718084032.0
1557503534.406339,493,678677888.0
1557503537.7309074,495,591371328.0
1557503541.071944,497,708875328.0
1557503544.4003532,499,720421952.0
1557503546.6276665,500,726958848.0
1557503549.9606106,502,1148058752.0
1557503553.2891178,504,1092274304.0
1557503556.6210926,506,1207659264.0
1557503559.9769154,508,930189376.0
1557503563.329868,510,817958016.0
1557503566.6854305,512,911973632.0
1557503570.0216599,514,1223667968.0
1557503573.3554444,516,1404451072.0
1557503576.6894786,518,1757738880.0
1557503580.0161507,520,1963045248.0
1557503583.3481207,522,1171845760.0
1557503586.6791353,524,773958208.0
1557503590.0162778,526,599466112.0
1557503593.343895,528,856384768.0
1557503596.6667852,530,714826240.0
1557503600.0070639,532,635475264.0
1557503603.3316398,534,914218944.0
1557503606.6681843,536,1511401856.0
1557503610.0077808,538,1850409728.0
1557503613.3342535,540,1494468480.0
1557503616.665438,542,1228437888.0
1557503620.0085127,544,773871296.0
1557503623.3314238,546,1075864576.0
1557503626.6531296,548,687546560.0
1557503629.9712586,550,767601280.0
1557503633.3087556,552,902046848.0
1557503636.6193955,554,637023488.0
1557503639.955905,556,517754464.0
1557503643.2975507,558,628179776.0
1557503646.6190267,560,701444096.0
1557503649.9809163,562,749067968.0
1557503653.2898817,564,633480768.0
1557503656.6092503,566,592292672.0
1557503659.928382,568,426950080.0
1557503663.2838619,570,548516160.0
1557503666.6145122,572,619737664.0
1557503669.9446397,574,680677952.0
1557503673.2857182,576,637291584.0
1557503676.660438,578,701195648.0
1557503680.0393374,580,862855808.0
1557503683.374439,582,547788160.0
1557503686.788386,584,586002304.0
1557503690.117762,586,614605568.0
1557503693.4400506,588,671896256.0
1557503696.7488728,590,893974464.0
1557503700.0726159,592,987489088.0
1557503703.3949432,594,1039628032.0
1557503706.7287126,596,1183010304.0
1557503710.0492136,598,1326184064.0
1557503713.4042556,600,1122247168.0
1557503716.7252994,602,621799104.0
1557503720.0100868,604,618805248.0
1557503723.3501787,606,676282816.0
1557503726.670282,608,607870272.0
1557503729.9927905,610,518777472.0
1557503733.2991302,612,539726656.0
1557503736.633541,614,444828064.0
1557503739.9772596,616,465106624.0
1557503743.2991421,618,437047776.0
1557503746.600952,620,984483904.0
1557503749.9464202,622,846217280.0
1557503753.2897544,624,885742528.0
1557503755.481982,625,505301728.0
1557503758.81281,627,690015296.0
1557503762.1297874,629,650270464.0
1557503765.4615688,631,1714368000.0
1557503768.7879884,633,2067089280.0
1557503772.1273975,635,1671637376.0
1557503775.4560711,637,1250149504.0
1557503778.7853348,639,959011904.0
1557503782.1259391,641,540223104.0
1557503785.4280457,643,579478016.0
1557503788.737601,645,485062624.0
1557503792.0740325,647,481498816.0
1557503795.3894908,649,558593856.0
1557503798.7304573,651,502274048.0
1557503802.074913,653,575241408.0
1557503805.384354,655,349308896.0
1557503808.7068694,657,517842688.0
1557503812.0167127,659,564235712.0
1557503815.3287244,661,492198752.0
1557503818.6433592,663,507759168.0
1557503821.9557505,665,467250464.0
1557503825.2725449,667,555690944.0
1557503828.607922,669,545259904.0
1557503831.9569538,671,730538368.0
1557503835.2667246,673,544437504.0
1557503838.582612,675,818489664.0
1557503841.9059038,677,573579648.0
1557503845.2336345,679,552434880.0
1557503848.5429125,681,440594400.0
1557503851.8491397,683,624567872.0
1557503855.1726995,685,1092987264.0
1557503858.5302231,687,859366208.0
1557503861.8644881,689,685380672.0
1557503865.2067833,691,649256256.0
1557503868.5544918,693,573698560.0
1557503871.905907,695,768561664.0
1557503875.2480156,697,544642816.0
1557503878.5887902,699,539283136.0
1557503881.916779,701,921167488.0
1557503885.2912273,703,917271936.0
1557503888.646373,705,1112128640.0
1557503891.9803832,707,1075275264.0
1557503895.3109086,709,1404898560.0
1557503898.6340673,711,1760794240.0
1557503901.9858449,713,1128873856.0
1557503905.329382,715,520549056.0
1557503908.6612113,717,544597632.0
1557503911.976789,719,579242944.0
1557503915.2771735,721,683306624.0
1557503918.62258,723,1282372992.0
1557503921.9679823,725,1007259456.0
1557503925.2728724,727,882171648.0
1557503928.5985882,729,752567232.0
1557503931.9172719,731,785778624.0
1557503935.252015,733,679908608.0
1557503938.5962703,735,527780256.0
1557503941.9133413,737,610073600.0
1557503945.256079,739,555602048.0
1557503948.6034853,741,540833152.0
1557503951.964059,743,479710400.0
1557503955.2788873,745,358663360.0
1557503958.5954502,747,684854848.0
1557503961.9571152,749,676780800.0
1557503964.2012682,750,888779968.0
1557503967.5480237,752,881579968.0
1557503970.8705244,754,653922944.0
1557503974.222879,756,802163776.0
1557503977.5580852,758,858377344.0
1557503980.8938231,760,405333728.0
1557503984.2151387,762,474389888.0
1557503987.5251062,764,508361088.0
1557503990.8469496,766,641023616.0
1557503994.2079396,768,1016756032.0
1557503997.5541294,770,1153937024.0
1557504000.8837087,772,1009196544.0
1557504004.2334182,774,710343296.0
1557504007.601196,776,588930688.0
1557504010.941136,778,441610080.0
1557504014.2796774,780,316969760.0
1557504017.6172569,782,500521600.0
1557504020.9577723,784,498433632.0
1557504024.2963786,786,782390976.0
1557504027.6332874,788,656068352.0
1557504030.977407,790,576594624.0
1557504034.3191805,792,409312640.0
1557504037.6555216,794,293624960.0
1557504040.9945533,796,409542336.0
1557504044.3317568,798,331344864.0
1557504047.6441488,800,459711968.0
1557504050.96221,802,386460192.0
1557504054.268426,804,371420544.0
1557504057.6142886,806,336396992.0
1557504060.9301438,808,333718112.0
1557504064.2710736,810,424176768.0
1557504067.6362696,812,396525760.0
1557504070.9757922,814,379380832.0
1557504074.3102474,816,567544640.0
1557504077.6198897,818,443720096.0
1557504080.961562,820,528775328.0
1557504084.3155966,822,440734560.0
1557504087.6461465,824,517295296.0
1557504090.9631584,826,447874688.0
1557504094.3161824,828,630544192.0
1557504097.6723974,830,513195904.0
1557504101.0059118,832,471487968.0
1557504104.345381,834,409356480.0
1557504107.701061,836,593923008.0
1557504111.0130777,838,320377760.0
1557504114.3382359,840,456746976.0
1557504117.6982648,842,554694720.0
1557504121.0248272,844,652962048.0
1557504124.3731425,846,864024512.0
1557504127.7298918,848,844120896.0
1557504131.0483038,850,662554240.0
1557504134.3538525,852,515039360.0
1557504137.6740859,854,461012352.0
1557504141.0274518,856,633789632.0
1557504144.3842673,858,801273536.0
1557504147.7096057,860,1082979456.0
1557504151.0496554,862,583396288.0
1557504154.3911157,864,840943808.0
1557504157.7439704,866,631544320.0
1557504161.048657,868,368696288.0
1557504164.3612502,870,424521600.0
1557504167.748162,872,461353984.0
1557504171.0888464,874,521069888.0
1557504173.3009782,875,648073984.0
1557504176.6246552,877,650203904.0
1557504179.9342492,879,692209280.0
1557504183.2431574,881,453569824.0
1557504186.578128,883,367674208.0
1557504189.9264238,885,373533152.0
1557504193.240745,887,433984320.0
1557504196.5659394,889,579948928.0
1557504199.8992074,891,738911040.0
1557504203.2206452,893,580559296.0
1557504206.542068,895,476785056.0
1557504209.8435748,897,317393376.0
1557504213.1929514,899,448939488.0
1557504216.5228217,901,573790592.0
1557504219.8354566,903,641136576.0
1557504223.1536303,905,835270400.0
1557504226.4924812,907,1045896320.0
1557504229.8143158,909,1198299392.0
1557504233.1470115,911,476817376.0
1557504236.4891572,913,451103296.0
1557504239.8074918,915,1368600320.0
1557504243.1424387,917,1716776192.0
1557504246.4649153,919,703302208.0
1557504249.8211467,921,710563776.0
1557504253.153149,923,1509904384.0
1557504256.4651034,925,1670640256.0
1557504259.7587945,927,786953280.0
1557504263.071983,929,413364224.0
1557504266.3937013,931,934201600.0
1557504269.7150602,933,939441984.0
1557504273.055642,935,749315840.0
1557504276.4000216,937,424153920.0
1557504279.7456625,939,374369472.0
1557504283.0918255,941,483209248.0
1557504286.4819305,943,343886848.0
1557504289.8464773,945,352822880.0
1557504293.2126002,947,276836544.0
1557504296.561609,949,290931968.0
1557504299.9040098,951,232752224.0
1557504303.2811482,953,421326528.0
1557504306.6399014,955,294168672.0
1557504309.98661,957,286086144.0
1557504313.3252158,959,506881184.0
1557504316.6524236,961,770851072.0
1557504320.0004733,963,724482048.0
1557504323.3299444,965,684625600.0
1557504326.701313,967,407184832.0
1557504330.0301437,969,356004224.0
1557504333.3584902,971,353699456.0
1557504336.693202,973,558036672.0
1557504340.023988,975,736138624.0
1557504343.3403742,977,808400064.0
1557504346.6516645,979,697855616.0
1557504349.9722497,981,497932896.0
1557504353.30593,983,387096448.0
1557504356.651536,985,424656768.0
1557504359.957884,987,514921280.0
1557504363.3104582,989,481641856.0
1557504366.6482856,991,631991808.0
1557504369.9680398,993,511303968.0
1557504373.2997134,995,290794368.0
1557504376.6434739,997,301916800.0
1557504379.992143,999,434933568.0
1557504382.192973,1000,342885856.0
1557504385.5047114,1002,373016000.0
1557504388.8212566,1004,245185680.0
1557504392.1331997,1006,370972416.0
1557504395.4492807,1008,379264608.0
1557504398.7904425,1010,256018928.0
1557504402.1084216,1012,349199776.0
1557504405.4266937,1014,424155104.0
1557504408.7657144,1016,477705248.0
1557504412.1165657,1018,453097216.0
1557504415.4433181,1020,282293056.0
1557504418.772367,1022,352232544.0
1557504422.097953,1024,472225632.0
1557504425.4353728,1026,509998784.0
1557504428.7629757,1028,550391424.0
1557504432.1003082,1030,634706048.0
1557504435.4262726,1032,392580736.0
1557504438.745493,1034,274431584.0
1557504442.0742817,1036,690479744.0
1557504445.3906374,1038,1136817664.0
1557504448.7349424,1040,1167671552.0
1557504452.0740356,1042,736019328.0
1557504455.3987195,1044,336007840.0
1557504458.7452874,1046,1431586048.0
1557504462.0894144,1048,1697368960.0
1557504465.4520943,1050,560554752.0
1557504468.7754374,1052,1001183872.0
1557504472.1085582,1054,996227840.0
1557504475.4544435,1056,514980160.0
1557504478.8024805,1058,322911552.0
1557504482.1482186,1060,493709152.0
1557504485.5296395,1062,390337920.0
1557504488.8629968,1064,306522976.0
1557504492.1803277,1066,391791712.0
1557504495.5163045,1068,323096800.0
1557504498.8420098,1070,525507424.0
1557504502.1664984,1072,484173120.0
1557504505.506256,1074,209889648.0
1557504508.8038635,1076,287214336.0
1557504512.1354067,1078,550154304.0
1557504515.4843214,1080,372289120.0
1557504518.8046913,1082,250890608.0
1557504522.1241715,1084,442901696.0
1557504525.4561403,1086,541917568.0
1557504528.7766259,1088,330184800.0
1557504532.1057777,1090,293545888.0
1557504535.4273238,1092,565837824.0
1557504538.7582517,1094,747603392.0
1557504542.0833533,1096,522555392.0
1557504545.4035072,1098,410553312.0
1557504548.7320712,1100,321331296.0
1557504552.0407345,1102,199444768.0
1557504555.3519714,1104,316639840.0
1557504558.6864624,1106,484833984.0
1557504561.995967,1108,478875520.0
1557504565.3078923,1110,444300768.0
1557504568.6341903,1112,203601968.0
1557504571.9511607,1114,261528128.0
1557504575.2937913,1116,471952096.0
1557504578.627048,1118,413964128.0
1557504581.9353373,1120,496849056.0
1557504585.285652,1122,427661440.0
1557504588.616369,1124,251897152.0
1557504590.8343062,1125,556282368.0
1557504594.1529632,1127,581779456.0
1557504597.4950197,1129,363293728.0
1557504600.8290868,1131,235608256.0
1557504604.1555362,1133,249956304.0
1557504607.5152633,1135,561121664.0
1557504610.8499503,1137,767329536.0
1557504614.195976,1139,769185024.0
1557504617.5432909,1141,195838688.0
1557504620.8882625,1143,779494912.0
1557504624.1807044,1145,1071170176.0
1557504627.5194533,1147,697203072.0
1557504630.856733,1149,319034368.0
1557504634.1737928,1151,588384512.0
1557504637.504637,1153,555711936.0
1557504640.8016913,1155,273585856.0
1557504644.1280692,1157,307503136.0
1557504647.4200087,1159,226032640.0
1557504650.7754865,1161,294462720.0
1557504654.0824957,1163,260184416.0
1557504657.392233,1165,261427072.0
1557504660.704862,1167,285918048.0
1557504664.0276191,1169,231745760.0
1557504667.3685007,1171,405670880.0
1557504670.6785753,1173,384113824.0
1557504673.9885666,1175,388423488.0
1557504677.2997627,1177,299765696.0
1557504680.6040342,1179,319227488.0
1557504683.941434,1181,410457664.0
1557504687.2354248,1183,322247520.0
1557504690.5527415,1185,200214224.0
1557504693.9023879,1187,240052944.0
1557504697.2220693,1189,239471120.0
1557504700.5338733,1191,238906640.0
1557504703.851419,1193,225989552.0
1557504707.1877716,1195,342416288.0
1557504710.502967,1197,258580416.0
1557504713.833771,1199,177834512.0
1557504717.144264,1201,258183248.0
1557504720.5552242,1203,306627680.0
1557504723.8947685,1205,205444192.0
1557504727.2261744,1207,344892160.0
1557504730.538487,1209,696525440.0
1557504733.8599644,1211,507140800.0
1557504737.1984947,1213,291586528.0
1557504740.5096085,1215,380446752.0
1557504743.821179,1217,672525056.0
1557504747.1206136,1219,549082624.0
1557504750.462811,1221,308348096.0
1557504753.795853,1223,271343712.0
1557504757.1083033,1225,448319520.0
1557504760.413703,1227,334507872.0
1557504763.7297254,1229,212850496.0
1557504767.0542426,1231,265533744.0
1557504770.3951182,1233,507948192.0
1557504773.7310128,1235,507795936.0
1557504777.0671525,1237,425584832.0
1557504780.3935666,1239,316796928.0
1557504783.7330842,1241,277808704.0
1557504787.0625565,1243,178835248.0
1557504790.3750966,1245,213981856.0
1557504793.698727,1247,275551104.0
1557504797.0215213,1249,391469056.0
1557504799.231841,1250,326127296.0
1557504802.5393817,1252,311134912.0
1557504805.86301,1254,179349872.0
1557504809.2395384,1256,245919584.0
1557504812.565242,1258,316250816.0
1557504815.9075918,1260,368500736.0
1557504819.237159,1262,378937344.0
1557504822.5582159,1264,331370912.0
1557504825.8825467,1266,241782032.0
1557504829.235878,1268,815261504.0
1557504832.5483763,1270,750177728.0
1557504835.89047,1272,369036096.0
1557504839.234213,1274,338758112.0
1557504842.5210817,1276,659135104.0
1557504845.8520133,1278,485861632.0
1557504849.1704464,1280,159798192.0
1557504852.4983754,1282,271314560.0
1557504855.7979305,1284,448269472.0
1557504859.1353595,1286,281374400.0
1557504862.470739,1288,181547664.0
1557504865.8043559,1290,327673184.0
1557504869.1520102,1292,465416896.0
1557504872.49595,1294,161669280.0
1557504875.8381417,1296,246783104.0
1557504879.183188,1298,231765728.0
1557504882.5191233,1300,231358544.0
1557504885.8345504,1302,276069504.0
1557504889.178984,1304,372271520.0
1557504892.5583398,1306,273210336.0
1557504895.9192042,1308,228454688.0
1557504899.2518861,1310,160574512.0
1557504902.6102254,1312,203499744.0
1557504905.9681234,1314,191370432.0
1557504909.3133266,1316,195012880.0
1557504912.6369724,1318,189918416.0
1557504915.9658678,1320,236127680.0
1557504919.315825,1322,173022368.0
1557504922.6676357,1324,110897848.0
1557504926.0061545,1326,276087424.0
1557504929.3544285,1328,228022992.0
1557504932.7174656,1330,169074416.0
1557504936.0392609,1332,231377504.0
1557504939.3778737,1334,343312032.0
1557504942.7186375,1336,235142784.0
1557504946.046893,1338,162579680.0
1557504949.3720543,1340,237438848.0
1557504952.699458,1342,441948992.0
1557504956.0502484,1344,369194976.0
1557504959.3714929,1346,237260016.0
1557504962.7156868,1348,338960992.0
1557504966.041233,1350,412614624.0
1557504969.356091,1352,208843120.0
1557504972.6653407,1354,113939008.0
1557504975.9930952,1356,305346016.0
1557504979.3115482,1358,303667168.0
1557504982.644911,1360,347799072.0
1557504985.956515,1362,374442272.0
1557504989.25798,1364,250324992.0
1557504992.5812285,1366,190723888.0
1557504995.901452,1368,103328192.0
1557504999.310332,1370,181481664.0
1557505002.627153,1372,386818528.0
1557505005.9480956,1374,464151296.0
1557505008.1514735,1375,195269472.0
1557505011.4611683,1377,332328224.0
1557505014.7673867,1379,247660128.0
1557505018.0793095,1381,149686768.0
1557505021.3876228,1383,161567136.0
1557505024.7341664,1385,159632480.0
1557505028.0657206,1387,216237184.0
1557505031.4050558,1389,285248608.0
1557505034.7477484,1391,348053664.0
1557505038.0938838,1393,440240896.0
1557505041.435061,1395,301908000.0
1557505044.7605283,1397,238056288.0
1557505048.0993683,1399,366933728.0
1557505051.4080672,1401,603726144.0
1557505054.7439628,1403,288799360.0
1557505058.0631492,1405,232491872.0
1557505061.3757122,1407,590522624.0
1557505064.6867752,1409,531944448.0
1557505068.011068,1411,174974832.0
1557505071.3211107,1413,472171840.0
1557505074.6420805,1415,747808832.0
1557505077.946402,1417,421376608.0
1557505081.2723942,1419,265855216.0
1557505084.6208377,1421,834848512.0
1557505087.9608457,1423,428431200.0
1557505091.2772129,1425,286140480.0
1557505094.6040292,1427,1078082944.0
1557505097.9424505,1429,447058496.0
1557505101.268943,1431,447690368.0
1557505104.6106508,1433,1088682112.0
1557505107.9565258,1435,176660928.0
1557505111.2844186,1437,1141720576.0
1557505114.6232474,1439,648531584.0
1557505117.9399085,1441,350914880.0
1557505121.273955,1443,882845056.0
1557505124.6229737,1445,352652704.0
1557505127.9585683,1447,215185632.0
1557505131.289926,1449,311656736.0
1557505134.596852,1451,169013856.0
1557505137.939322,1453,227494352.0
1557505141.3042874,1455,206928320.0
1557505144.6323566,1457,168689088.0
1557505147.962907,1459,205158480.0
1557505151.3070307,1461,257190256.0
1557505154.6628466,1463,356643424.0
1557505157.9659243,1465,290994208.0
1557505161.3111868,1467,222090160.0
1557505164.611378,1469,524872288.0
1557505167.9113073,1471,640837184.0
1557505171.2444832,1473,302524224.0
1557505174.560242,1475,308792160.0
1557505177.8795507,1477,650600064.0
1557505181.2036793,1479,380011136.0
1557505184.522791,1481,242785440.0
1557505187.8383503,1483,617450304.0
1557505191.178305,1485,845315136.0
1557505194.491738,1487,271420288.0
1557505197.8293474,1489,189999808.0
1557505201.1745148,1491,277738592.0
1557505204.5195982,1493,256298272.0
1557505207.8597672,1495,245307600.0
1557505211.2048192,1497,209734672.0
1557505214.5319042,1499,213467088.0
1557505216.7252493,1500,147227952.0
1557505220.0455978,1502,200840192.0
1557505223.3855584,1504,164932032.0
1557505226.72006,1506,173272624.0
1557505230.0551958,1508,234968016.0
1557505233.3852744,1510,143417808.0
1557505236.7094672,1512,209493776.0
1557505240.0372765,1514,167373120.0
1557505243.3532429,1516,124934408.0
1557505246.670631,1518,156619504.0
1557505249.9827957,1520,205600320.0
1557505253.3129132,1522,159709120.0
1557505256.6450574,1524,137782576.0
1557505259.9671402,1526,153798976.0
1557505263.2963579,1528,118712712.0
1557505266.629852,1530,295903872.0
1557505269.9565196,1532,221656816.0
1557505273.2739344,1534,132350440.0
1557505276.6061838,1536,430917600.0
1557505279.9354594,1538,699845120.0
1557505283.2750003,1540,151737072.0
1557505286.611438,1542,272676032.0
1557505289.942694,1544,547399680.0
1557505293.2929645,1546,241191200.0
1557505296.6494262,1548,471405376.0
1557505299.9620392,1550,679614144.0
1557505303.2904654,1552,210956560.0
1557505306.6227462,1554,405702208.0
1557505309.9432487,1556,855697152.0
1557505313.2884684,1558,178651568.0
1557505316.6278617,1560,786143616.0
1557505319.983177,1562,1077996544.0
1557505323.314855,1564,164315008.0
1557505326.6419363,1566,826995520.0
1557505329.9543183,1568,370878208.0
1557505333.285112,1570,253595872.0
1557505336.626283,1572,321083360.0
1557505339.9662087,1574,156682544.0
1557505343.3159275,1576,205822512.0
1557505346.677945,1578,285148448.0
1557505350.0319216,1580,215855024.0
1557505353.3516245,1582,485544672.0
1557505356.6950994,1584,218970352.0
1557505360.040359,1586,445902144.0
1557505363.3625963,1588,425952800.0
1557505366.707254,1590,219526800.0
1557505370.0201893,1592,378527264.0
1557505373.341372,1594,452779776.0
1557505376.6564286,1596,237767488.0
1557505379.9786644,1598,601682560.0
1557505383.291094,1600,482623168.0
1557505386.6178687,1602,227508464.0
1557505389.9306731,1604,427842464.0
1557505393.258909,1606,206170240.0
1557505396.617423,1608,276005408.0
1557505399.9537272,1610,324643296.0
1557505403.2667828,1612,236624608.0
1557505406.6106977,1614,144928976.0
1557505409.958364,1616,142991296.0
1557505413.3126023,1618,203770352.0
1557505416.651149,1620,188858512.0
1557505419.9919243,1622,199540656.0
1557505423.3384473,1624,100066840.0
1557505425.5635958,1625,207237536.0
1557505428.8914385,1627,185904880.0
1557505432.2416644,1629,132665240.0
1557505435.575972,1631,251426576.0
1557505438.924637,1633,237856720.0
1557505442.2715206,1635,136658944.0
1557505445.6636431,1637,208744032.0
1557505448.9868906,1639,239517024.0
1557505452.3145041,1641,139232352.0
1557505455.6690664,1643,116280096.0
1557505459.0078533,1645,167516288.0
1557505462.3548527,1647,168480112.0
1557505465.7048354,1649,142535904.0
1557505469.060522,1651,165950144.0
1557505472.4079528,1653,135617568.0
1557505475.771821,1655,124126240.0
1557505479.104103,1657,156760320.0
1557505482.45978,1659,81966088.0
1557505485.7868078,1661,217338560.0
1557505489.114183,1663,330349728.0
1557505492.4587226,1665,150731632.0
1557505495.79271,1667,212419536.0
1557505499.1205306,1669,230251840.0
1557505502.4668949,1671,167506848.0
1557505505.8408728,1673,201893568.0
1557505509.1539218,1675,457467360.0
1557505512.4657829,1677,117752768.0
1557505515.7850776,1679,427249984.0
1557505519.1276731,1681,721475904.0
1557505522.4706082,1683,112871072.0
1557505525.830658,1685,807492480.0
1557505529.171759,1687,469787456.0
1557505532.4852042,1689,320468256.0
1557505535.813638,1691,755950656.0
1557505539.1544871,1693,152398432.0
1557505542.5157173,1695,543951040.0
1557505545.8604918,1697,355561664.0
1557505549.196932,1699,290021824.0
1557505552.5525634,1701,584788480.0
1557505555.8948917,1703,201225264.0
1557505559.2528837,1705,470743296.0
1557505562.5721815,1707,449489888.0
1557505565.9064758,1709,152479872.0
1557505569.2565784,1711,575586688.0
1557505572.5884144,1713,369462880.0
1557505575.9313085,1715,270633792.0
1557505579.2675529,1717,431669504.0
1557505582.629413,1719,342360736.0
1557505585.9829357,1721,293648384.0
1557505589.3193977,1723,374944768.0
1557505592.6637897,1725,221355536.0
1557505595.9840958,1727,336666208.0
1557505599.3066401,1729,416054080.0
1557505602.6707726,1731,181434528.0
1557505606.0086136,1733,514399328.0
1557505609.3565695,1735,320990528.0
1557505612.7008832,1737,211239792.0
1557505616.049574,1739,343811616.0
1557505619.3804915,1741,260490448.0
1557505622.70961,1743,196474960.0
1557505626.0372474,1745,382640448.0
1557505629.3734622,1747,282548064.0
1557505632.7417443,1749,134148168.0
1557505634.9336803,1750,244542848.0
1557505638.269487,1752,185873792.0
1557505641.5971832,1754,90230480.0
1557505644.9246693,1756,107315448.0
1557505648.278209,1758,152886400.0
1557505651.6232035,1760,242602768.0
1557505654.9654777,1762,247885808.0
1557505658.304386,1764,145911136.0
1557505661.6566231,1766,186292160.0
1557505664.9817455,1768,288666272.0
1557505668.3320694,1770,244767936.0
1557505671.6587734,1772,161574080.0
1557505675.0076613,1774,186389152.0
1557505678.332286,1776,325020064.0
1557505681.6727796,1778,124537200.0
1557505685.01104,1780,222519280.0
1557505688.3522906,1782,220822576.0
1557505691.7003694,1784,122593024.0
1557505695.0446088,1786,278519712.0
1557505698.3941655,1788,354703328.0
1557505701.7229145,1790,168178048.0
1557505705.0474937,1792,404654464.0
1557505708.3605394,1794,206683264.0
1557505711.7177222,1796,224120880.0
1557505715.0624812,1798,409639648.0
1557505718.4196942,1800,206952224.0
1557505721.751059,1802,426433568.0
1557505725.087971,1804,433916960.0
1557505728.4156995,1806,185049168.0
1557505731.7838,1808,545071040.0
1557505735.102449,1810,277985408.0
1557505738.4256566,1812,294718688.0
1557505741.7287276,1814,455666560.0
1557505745.0584412,1816,161436208.0
1557505748.4055328,1818,643333056.0
1557505751.763847,1820,293193280.0
1557505755.0942733,1822,355167808.0
1557505758.4179258,1824,668890752.0
1557505761.730059,1826,140930656.0
1557505765.0631552,1828,1001195008.0
1557505768.4113965,1830,249848128.0
1557505771.7169955,1832,466479712.0
1557505775.053623,1834,479708768.0
1557505778.36093,1836,199655008.0
1557505781.6872072,1838,549075584.0
1557505784.9991703,1840,471471968.0
1557505788.3243961,1842,306168032.0
1557505791.6508875,1844,457775264.0
1557505794.966012,1846,163143664.0
1557505798.3063233,1848,205544016.0
1557505801.6289074,1850,242499360.0
1557505804.9564898,1852,190304112.0
1557505808.245549,1854,127844096.0
1557505811.5769842,1856,268495264.0
1557505814.8995903,1858,237525584.0
1557505818.2490218,1860,166249088.0
1557505821.5685394,1862,175794544.0
1557505824.8916724,1864,282462528.0
1557505828.216866,1866,206225104.0
1557505831.560454,1868,320960224.0
1557505834.8914633,1870,248226496.0
1557505838.204528,1872,150698896.0
1557505841.5364413,1874,263066576.0
